filename,title,collection,file_size,extension
" basketball player makes a daring jump shot through a loop-shaped hoop that twists through the maze. The maze’s walls are adorned in lime greens and sky blues, and the basketball emits a sunny yellow trail, adding a challenging and novel element .png","Basketball player makes a daring jump shot through a loop-shaped hoop that twists through the maze. The maze’s walls are adorned in lime greens and sky blues, and the basketball emits a sunny yellow trail, adding a challenging and novel element",basketball-posters,2080161,.png
" close-up scene of a basketball player, both male and female, taking a challenging shot from a difficult angle within the maze. The bright colors of the ball .png","Close-up scene of a basketball player, both male and female, taking a challenging shot from a difficult angle within the maze. The bright colors of the ball",basketball-posters,2170938,.png
" creative basketball poster featuring a player standing triumphantly on top of the basketball hoop, .png","Creative basketball poster featuring a player standing triumphantly on top of the basketball hoop,",basketball-posters,1899512,.png
" inspiring scene showing a glittering basktball championship trophy at the center of the maze. The trophy is bathed in bright sunlight, rendered in vivid yellows and golds, with surrounding hues of lime greens and sky blues. Players are depicted .png","Inspiring scene showing a glittering basktball championship trophy at the center of the maze. The trophy is bathed in bright sunlight, rendered in vivid yellows and golds, with surrounding hues of lime greens and sky blues. Players are depicted",basketball-posters,2140377,.png
" referee makes a crucial call at a key junction of the maze, with colorful flags and whistles depicted in vibrant detail, highlighting the role of rules and officiating in the basketball game .png","Referee makes a crucial call at a key junction of the maze, with colorful flags and whistles depicted in vibrant detail, highlighting the role of rules and officiating in the basketball game",basketball-posters,2464718,.png
" scene depicting a basketball player executing a perfect jump shot at a crucial junction within the maze. The maze's walls are adorned in lime greens and sky blues, with the basketball painted in a glowing sunny yellow, capturing the critical moment .png","Scene depicting a basketball player executing a perfect jump shot at a crucial junction within the maze. The maze's walls are adorned in lime greens and sky blues, with the basketball painted in a glowing sunny yellow, capturing the critical moment",basketball-posters,2369307,.png
"1 - A stoic basketball player guards a mystical hoop located at a strategic bend in the maze, with walls of sky blue and ground of lime green, symbolizing defense and vigilance in the basketball game.png","1 - A stoic basketball player guards a mystical hoop located at a strategic bend in the maze, with walls of sky blue and ground of lime green, symbolizing defense and vigilance in the basketball game",basketball-posters,2597949,.png
"1 dynamic scene of a basketball camp in California, with players of various ages engaged in drills and games. The camp is set in a picturesque location with palm trees and mountains, emphasizing both the training and the beautiful surroundings .png","1 dynamic scene of a basketball camp in California, with players of various ages engaged in drills and games. The camp is set in a picturesque location with palm trees and mountains, emphasizing both the training and the beautiful surroundings",basketball-posters,2214949,.png
"2A vibrant depiction of basketball players enjoying themselves off the court, with a bright, cheerful color palette. The scene includes lime greens, sunny yellows, and sky blues, showing players engaging in activities like hanging out.png","2A vibrant depiction of basketball players enjoying themselves off the court, with a bright, cheerful color palette. The scene includes lime greens, sunny yellows, and sky blues, showing players engaging in activities like hanging out",basketball-posters,2069031,.png
"3 - A stoic basketball player guards a mystical hoop located at a strategic bend in the maze, with walls of sky blue and ground of lime green, symbolizing defense and vigilance in the basketball game.png","3 - A stoic basketball player guards a mystical hoop located at a strategic bend in the maze, with walls of sky blue and ground of lime green, symbolizing defense and vigilance in the basketball game",basketball-posters,2032885,.png
"312A sequence depicting a perfect pass through a narrow alley of the maze. The basketball, glowing in sunny yellow, flies between players dressed in lime greens and sky blues, highlighting teamwork and precision amidst the colorful chaos of the maze.png","312A sequence depicting a perfect pass through a narrow alley of the maze. The basketball, glowing in sunny yellow, flies between players dressed in lime greens and sky blues, highlighting teamwork and precision amidst the colorful chaos of the maze",basketball-posters,2093950,.png
"32 creative basketball poster featuring a player standing triumphantly on top of the basketball hoop, overlooking the maze. .png","32 creative basketball poster featuring a player standing triumphantly on top of the basketball hoop, overlooking the maze.",basketball-posters,2097847,.png
32.png,32,basketball-posters,2246340,.png
"321A creative basketball poster featuring a player standing triumphantly on top of the basketball hoop, overlooking the maze. The walls radiate in lime greens and sky blues, with the sunny yellow basketball .png","321A creative basketball poster featuring a player standing triumphantly on top of the basketball hoop, overlooking the maze. The walls radiate in lime greens and sky blues, with the sunny yellow basketball",basketball-posters,2146137,.png
"32A poignant scene where a player takes a timeout due to an injury, surrounded by concerned teammates, set against a backdrop of softer hues of blues and greens, reflecting a moment of support and pause.png","32A poignant scene where a player takes a timeout due to an injury, surrounded by concerned teammates, set against a backdrop of softer hues of blues and greens, reflecting a moment of support and pause",basketball-posters,1565747,.png
"32A scene where a basketball player's jump shot is mirrored in water on the maze floor, creating a dual image of perfect symmetry. .png","32A scene where a basketball player's jump shot is mirrored in water on the maze floor, creating a dual image of perfect symmetry.",basketball-posters,2161688,.png
"4 - llustrate the journey of an underdog basketball player navigating a twisting, turning maze under a canopy of lime greens and sunny yellows, capturing the spirit of perseverance and the thrill of unexpected victories .png","4 - llustrate the journey of an underdog basketball player navigating a twisting, turning maze under a canopy of lime greens and sunny yellows, capturing the spirit of perseverance and the thrill of unexpected victories",basketball-posters,2249442,.png
"A basketball bursting into hundreds of colorful shards each fragment a different shape, size, and color, flying outward in a dramatic explosion, with vibrant oranges, reds, and yellows contrasted against a dark background, creating a bold visuals.png","A basketball bursting into hundreds of colorful shards each fragment a different shape, size, and color, flying outward in a dramatic explosion, with vibrant oranges, reds, and yellows contrasted against a dark background, creating a bold visuals",basketball-posters,2136631,.png
"A basketball player launching into a high jump shot at the maze’s central crossroads, with maze walls glowing in lime greens and sky blues. The basketball is captured mid-air in a bright sunny yellow, symbolizing hope and ambition. The backdrop.png","A basketball player launching into a high jump shot at the maze’s central crossroads, with maze walls glowing in lime greens and sky blues. The basketball is captured mid-air in a bright sunny yellow, symbolizing hope and ambition. The backdrop",basketball-posters,2107616,.png
"A basketball player launching into a high jump shot at the maze’s central crossroads, with maze walls glowing in lime greens and sky blues. The basketball is captured mid-air in a bright sunny yellow, symbolizing hope and ambition.png","A basketball player launching into a high jump shot at the maze’s central crossroads, with maze walls glowing in lime greens and sky blues. The basketball is captured mid-air in a bright sunny yellow, symbolizing hope and ambition",basketball-posters,1860778,.png
"A basketball player makes a daring jump shot through a loop-shaped hoop that twists through the maze. The maze’s walls are adorned in lime greens and sky blues, and the basketball emits a sunny yellow trail, adding a challenging and novel element .png","A basketball player makes a daring jump shot through a loop-shaped hoop that twists through the maze. The maze’s walls are adorned in lime greens and sky blues, and the basketball emits a sunny yellow trail, adding a challenging and novel element",basketball-posters,2678746,.png
"A basketball player makes a daring jump shot through a loop-shaped hoop that twists through the maze. The maze’s walls are adorned in lime greens and sky blues, and the basketball emits a sunny yellow trail, adding a challenging and novel element 2.png","A basketball player makes a daring jump shot through a loop-shaped hoop that twists through the maze. The maze’s walls are adorned in lime greens and sky blues, and the basketball emits a sunny yellow trail, adding a challenging and novel element 2",basketball-posters,2210989,.png
"A basketball player makes a daring jump shot through a loop-shaped hoop that twists through the maze. The maze’s walls are adorned in lime greens and sky blues, and the basketball emits a sunny yellow trail, adding a challenging and novel element co.png","A basketball player makes a daring jump shot through a loop-shaped hoop that twists through the maze. The maze’s walls are adorned in lime greens and sky blues, and the basketball emits a sunny yellow trail, adding a challenging and novel element co",basketball-posters,2426909,.png
"A basketball player makes a daring jump shot through a loop-shaped hoop that twists through the maze. The maze’s walls are adorned in lime greens and sky blues, and the basketball emits a sunny yellow trail, adding a challenging and novel element.png","A basketball player makes a daring jump shot through a loop-shaped hoop that twists through the maze. The maze’s walls are adorned in lime greens and sky blues, and the basketball emits a sunny yellow trail, adding a challenging and novel element",basketball-posters,2366215,.png
"A basketball player makes a daring jump shot through a loop-shaped hoop that twists through the maze. The maze’s walls are adorned in lime greens and sky blues, and the basketball emits a sunny yellow trail, adding a challenging and novel element32.png","A basketball player makes a daring jump shot through a loop-shaped hoop that twists through the maze. The maze’s walls are adorned in lime greens and sky blues, and the basketball emits a sunny yellow trail, adding a challenging and novel element32",basketball-posters,2191020,.png
"A close-up scene of a basketball player, both male and female, taking a challenging shot from a difficult angle within the maze. The bright colors of the ball and player’s attire--lime greens, sunny yellows, and sky blues--highlight the intensity 3.png","A close-up scene of a basketball player, both male and female, taking a challenging shot from a difficult angle within the maze. The bright colors of the ball and player’s attire--lime greens, sunny yellows, and sky blues--highlight the intensity 3",basketball-posters,2176027,.png
"A creative basketball poster featuring a player standing triumphantly on top of the basketball hoop, overlooking the maze. The walls radiate in lime greens and sky blues, with the sunny yellow basketball at the player’s feet, symbolizing conquest 1.png","A creative basketball poster featuring a player standing triumphantly on top of the basketball hoop, overlooking the maze. The walls radiate in lime greens and sky blues, with the sunny yellow basketball at the player’s feet, symbolizing conquest 1",basketball-posters,2090339,.png
"A creative basketball poster featuring a player standing triumphantly on top of the basketball hoop, overlooking the maze. The walls radiate in lime greens and sky blues, with the sunny yellow basketball at the player’s feet, symbolizing conquest co.png","A creative basketball poster featuring a player standing triumphantly on top of the basketball hoop, overlooking the maze. The walls radiate in lime greens and sky blues, with the sunny yellow basketball at the player’s feet, symbolizing conquest co",basketball-posters,2464655,.png
"A creative basketball poster featuring a player standing triumphantly on top of the basketball hoop, overlooking the maze. The walls radiate in lime greens and sky blues, with the sunny yellow basketball at the player’s feet, symbolizing conquest.png","A creative basketball poster featuring a player standing triumphantly on top of the basketball hoop, overlooking the maze. The walls radiate in lime greens and sky blues, with the sunny yellow basketball at the player’s feet, symbolizing conquest",basketball-posters,1743053,.png
"A creative basketball poster featuring a player standing triumphantly on top of the basketball hoop, overlooking the maze. The walls radiate in lime greens and sky blues, with the sunny yellow basketball at the player’s feet, symbolizing conquest32.png","A creative basketball poster featuring a player standing triumphantly on top of the basketball hoop, overlooking the maze. The walls radiate in lime greens and sky blues, with the sunny yellow basketball at the player’s feet, symbolizing conquest32",basketball-posters,2435782,.png
"A creative basketball poster featuring a player standing triumphantly on top of the basketball hoop, overlooking the maze. The walls radiate in lime greens and sky blues, with the sunny yellow basketball at the player’s feet, symbolizing conquest432.png","A creative basketball poster featuring a player standing triumphantly on top of the basketball hoop, overlooking the maze. The walls radiate in lime greens and sky blues, with the sunny yellow basketball at the player’s feet, symbolizing conquest432",basketball-posters,2249784,.png
"A creative basketball poster featuring a player standing triumphantly on top of the basketball hoop, overlooking the maze32 .png","A creative basketball poster featuring a player standing triumphantly on top of the basketball hoop, overlooking the maze32",basketball-posters,9644800,.png
"A detailed close-up of a basketball hoop, rendered in bright, cheerful colors. Lime greens, sunny yellows, and sky blues emphasize the hoop, net, and backboard, with a playful, vibrant background highlighting the hoop’s.png","A detailed close-up of a basketball hoop, rendered in bright, cheerful colors. Lime greens, sunny yellows, and sky blues emphasize the hoop, net, and backboard, with a playful, vibrant background highlighting the hoop’s",basketball-posters,2184471,.png
"A detailed view of a basketball court setup with bright, cheerful colors. Lime greens, sunny yellows, and sky blues highlight the court’s lines, hoop, and ball, with playful patterns and dynamic shapes. .png","A detailed view of a basketball court setup with bright, cheerful colors. Lime greens, sunny yellows, and sky blues highlight the court’s lines, hoop, and ball, with playful patterns and dynamic shapes.",basketball-posters,2114785,.png
"A detailed view of a basketball court setup with bright, cheerful colors. Lime greens, sunny yellows, and sky blues highlight the court’s lines, hoop, and ball, with playful patterns and dynamic shapes. The scene includes abstract court elements.png","A detailed view of a basketball court setup with bright, cheerful colors. Lime greens, sunny yellows, and sky blues highlight the court’s lines, hoop, and ball, with playful patterns and dynamic shapes. The scene includes abstract court elements",basketball-posters,2187914,.png
"A detailed view of a basketball court setup with bright, cheerful colors. Lime greens, sunny yellows, and sky blues highlight the court’s lines, hoop, and ball, with playful patterns and dynamic shapes. The scene includes abstract court elements32.png","A detailed view of a basketball court setup with bright, cheerful colors. Lime greens, sunny yellows, and sky blues highlight the court’s lines, hoop, and ball, with playful patterns and dynamic shapes. The scene includes abstract court elements32",basketball-posters,2249698,.png
"A dynamic scene featuring basketballs being slam-dunked from multiple directions into a central, maze-like hoop setup. The basketballs, glowing in shades of sunny yellow and vibrant orange, create a stunning visual against a backdrop of lime green.png","A dynamic scene featuring basketballs being slam-dunked from multiple directions into a central, maze-like hoop setup. The basketballs, glowing in shades of sunny yellow and vibrant orange, create a stunning visual against a backdrop of lime green",basketball-posters,1880440,.png
"A dynamic scene of a basketball camp in California, with players of various ages engaged in drills and games. The camp is set in a picturesque location with palm trees and mountains, emphasizing both the training and the beautiful surroundings .png","A dynamic scene of a basketball camp in California, with players of various ages engaged in drills and games. The camp is set in a picturesque location with palm trees and mountains, emphasizing both the training and the beautiful surroundings",basketball-posters,2112024,.png
"A dynamic scene of a basketball clinic with a bright, cheerful color palette--lime greens, sunny yellows, and sky blues. The background features playful elements and the California sun, creating an engaging, educational atmosphere that blends well.png","A dynamic scene of a basketball clinic with a bright, cheerful color palette--lime greens, sunny yellows, and sky blues. The background features playful elements and the California sun, creating an engaging, educational atmosphere that blends well",basketball-posters,2158240,.png
"A dynamic scene of a basketball clinic with a bright, cheerful color palette--lime greens, sunny yellows, and sky blues. The background features playful elements and the California sun, creating an engaging, educational atmosphere that blends.png","A dynamic scene of a basketball clinic with a bright, cheerful color palette--lime greens, sunny yellows, and sky blues. The background features playful elements and the California sun, creating an engaging, educational atmosphere that blends",basketball-posters,2119603,.png
"A dynamic scene of a basketball clinic with a bright, cheerful color palette--lime greens, sunny yellows, and sky blues. The background features playful elements and the California sun, creating an engaging, educational atmosphere that blends32.png","A dynamic scene of a basketball clinic with a bright, cheerful color palette--lime greens, sunny yellows, and sky blues. The background features playful elements and the California sun, creating an engaging, educational atmosphere that blends32",basketball-posters,2283405,.png
"A dynamic scene of a basketball clinic with a bright, cheerful color palette--lime greens, sunny yellows, and sky blues. The background features playful elements and the California sun, creating an engaging, educational atmosphere.png","A dynamic scene of a basketball clinic with a bright, cheerful color palette--lime greens, sunny yellows, and sky blues. The background features playful elements and the California sun, creating an engaging, educational atmosphere",basketball-posters,2294845,.png
"A dynamic scene of basketball players navigating through a maze, using bright, cheerful colors. Lime greens, sunny yellows, and sky blues emphasize the maze’s pathways and the players’ movements. .png","A dynamic scene of basketball players navigating through a maze, using bright, cheerful colors. Lime greens, sunny yellows, and sky blues emphasize the maze’s pathways and the players’ movements.",basketball-posters,2086255,.png
"A high-energy scene of an All-Star basketball game in downtown Los Angeles. The cityscape and iconic landmarks are visible in the background, with star players showcasing their skills on the court. .png","A high-energy scene of an All-Star basketball game in downtown Los Angeles. The cityscape and iconic landmarks are visible in the background, with star players showcasing their skills on the court.",basketball-posters,2022465,.png
"A joyful scene of basketball players having fun on the court, rendered in a bright, cheerful color palette of lime greens, sunny yellows, and sky blues. The artwork captures playful moments--players dunking, dribbling, and laughing.png","A joyful scene of basketball players having fun on the court, rendered in a bright, cheerful color palette of lime greens, sunny yellows, and sky blues. The artwork captures playful moments--players dunking, dribbling, and laughing",basketball-posters,2153746,.png
"A lively scene of a youth basketball clinic taking place in a Californian park. Coaches are instructing young players, with palm trees and sunny skies in the background. The artwork highlights the community and development aspect of the sport .png","A lively scene of a youth basketball clinic taking place in a Californian park. Coaches are instructing young players, with palm trees and sunny skies in the background. The artwork highlights the community and development aspect of the sport",basketball-posters,2269430,.png
"A lively street basketball game with a vibrant, urban color palette. Bright, saturated hues of red, blue, and green dominate the scene, with graffiti accents and sunny skies. The energetic vibe complements the playful, retro feel of the collection.png","A lively street basketball game with a vibrant, urban color palette. Bright, saturated hues of red, blue, and green dominate the scene, with graffiti accents and sunny skies. The energetic vibe complements the playful, retro feel of the collection",basketball-posters,2157080,.png
"A lively street basketball game with bright, cheerful colors. Lime greens, sunny yellows, and sky blues showcase players in action, with a vibrant urban court backdrop. The scene includes playful street art .png","A lively street basketball game with bright, cheerful colors. Lime greens, sunny yellows, and sky blues showcase players in action, with a vibrant urban court backdrop. The scene includes playful street art",basketball-posters,2272969,.png
"A lively street basketball game with bright, cheerful colors. Lime greens, sunny yellows, and sky blues showcase players in action, with a vibrant urban court backdrop. The scene includes playful street art and basketball-themed details.png","A lively street basketball game with bright, cheerful colors. Lime greens, sunny yellows, and sky blues showcase players in action, with a vibrant urban court backdrop. The scene includes playful street art and basketball-themed details",basketball-posters,2314398,.png
"A lost basketball becomes the center of a maze mystery, with clues and colorful hints leading players on a scavenger hunt through the intricate path3.png","A lost basketball becomes the center of a maze mystery, with clues and colorful hints leading players on a scavenger hunt through the intricate path3",basketball-posters,9459692,.png
"A lost basketball becomes the center of a maze mystery, with clues and colorful hints leading players on a scavenger hunt through the intricate paths.png","A lost basketball becomes the center of a maze mystery, with clues and colorful hints leading players on a scavenger hunt through the intricate paths",basketball-posters,2562313,.png
"A lost basketball becomes the center of a maze mystery, with clues and colorful hints leading players on a scavenger hunt through the intricate.png","A lost basketball becomes the center of a maze mystery, with clues and colorful hints leading players on a scavenger hunt through the intricate",basketball-posters,2132482,.png
"A lost basketball becomes the center of a maze mystery, with clues and colorful hints leading players.png","A lost basketball becomes the center of a maze mystery, with clues and colorful hints leading players",basketball-posters,2289264,.png
"A minimalist basketball hoop and backboard floating in space, surrounded by abstract geometric shapes--vibrant, neon shapes float around the hoop, creating a gravity-defying, futuristic look with high contrast and clean line.png","A minimalist basketball hoop and backboard floating in space, surrounded by abstract geometric shapes--vibrant, neon shapes float around the hoop, creating a gravity-defying, futuristic look with high contrast and clean line",basketball-posters,1889037,.png
"A minimalist basketball hoop and backboard floating in space, surrounded by abstract geometric shapes--vibrant, neon shapes float around the hoop, creating a gravity-defying, futuristic look with high contrast and clean lines.png","A minimalist basketball hoop and backboard floating in space, surrounded by abstract geometric shapes--vibrant, neon shapes float around the hoop, creating a gravity-defying, futuristic look with high contrast and clean lines",basketball-posters,1762349,.png
"A moment of tip-off is reimagined as an explosive event, where dozens of basketballs burst upwards from the center court in the maze. The balls, bright in sunny yellows and oranges, contrast dramatically against the maze’s calming sky blue.png","A moment of tip-off is reimagined as an explosive event, where dozens of basketballs burst upwards from the center court in the maze. The balls, bright in sunny yellows and oranges, contrast dramatically against the maze’s calming sky blue",basketball-posters,1863084,.png
"A moment of tip-off is reimagined as an explosive event, where dozens of basketballs burst upwards from the center court in the maze. The balls, bright in sunny yellows and oranges, contrast dramatically against the maze’s calming sky blue32.png","A moment of tip-off is reimagined as an explosive event, where dozens of basketballs burst upwards from the center court in the maze. The balls, bright in sunny yellows and oranges, contrast dramatically against the maze’s calming sky blue32",basketball-posters,2097644,.png
"A player performing a slam dunk at the center of the maze, with walls adorned in bright, cheerful patterns. The explosive movement and the vibrant clash of colors emphasize the spectacle and the peak moment of basketball action within the challengin.png","A player performing a slam dunk at the center of the maze, with walls adorned in bright, cheerful patterns. The explosive movement and the vibrant clash of colors emphasize the spectacle and the peak moment of basketball action within the challengin",basketball-posters,2608390,.png
"A player performing a slam dunk at the center of the maze, with walls adorned in bright, cheerful patterns. The explosive movement and the vibrant clash of colors emphasize the spectacle and the peak moment of basketball action within the challenging.png","A player performing a slam dunk at the center of the maze, with walls adorned in bright, cheerful patterns. The explosive movement and the vibrant clash of colors emphasize the spectacle and the peak moment of basketball action within the challenging",basketball-posters,2279133,.png
"A playful scene of a beach basketball game with players in swimwear and beach attire. The court is set up on the sand, with the ocean and palm trees in the background. The atmosphere is casual and fun, capturing the spirit of basketball in a laid-back.png","A playful scene of a beach basketball game with players in swimwear and beach attire. The court is set up on the sand, with the ocean and palm trees in the background. The atmosphere is casual and fun, capturing the spirit of basketball in a laid-back",basketball-posters,2268949,.png
"A poignant scene where a basketball player takes a timeout due to an injury, surrounded by concerned teammates, set against a backdrop of softer hues of blues and greens, reflecting a moment of support.png","A poignant scene where a basketball player takes a timeout due to an injury, surrounded by concerned teammates, set against a backdrop of softer hues of blues and greens, reflecting a moment of support",basketball-posters,1976068,.png
"A poignant scene where a basketball player takes a timeout due to an injury, surrounded by concerned teammates, set against a backdrop of softer hues of blues and greens, reflecting a moment of support2.png","A poignant scene where a basketball player takes a timeout due to an injury, surrounded by concerned teammates, set against a backdrop of softer hues of blues and greens, reflecting a moment of support2",basketball-posters,1650019,.png
"A poignant scene where a basketball player takes a timeout due to an injury, surrounded by concerned teammates, set against a backdrop of softer hues of blues and greens, reflecting a moment.png","A poignant scene where a basketball player takes a timeout due to an injury, surrounded by concerned teammates, set against a backdrop of softer hues of blues and greens, reflecting a moment",basketball-posters,2544731,.png
"A poignant scene where a basketball player takes a timeout due to an injury, surrounded by concerned teammates, set against a backdrop of softer hues of blues and greens, reflecting a moment2.png","A poignant scene where a basketball player takes a timeout due to an injury, surrounded by concerned teammates, set against a backdrop of softer hues of blues and greens, reflecting a moment2",basketball-posters,2386265,.png
"A poignant scene where a player takes a timeout due to an injury, surrounded by concerned teammates, set against a backdrop of softer hues of blues and greens, reflecting a moment of support and pause .png","A poignant scene where a player takes a timeout due to an injury, surrounded by concerned teammates, set against a backdrop of softer hues of blues and greens, reflecting a moment of support and pause",basketball-posters,2071274,.png
A scene depicting a basketball player executing a perfect jump shot at a crucial junction within the maze. The maze's walls are adorned in lime greens and sky blue.png,A scene depicting a basketball player executing a perfect jump shot at a crucial junction within the maze. The maze's walls are adorned in lime greens and sky blue,basketball-posters,9895730,.png
"A scene depicting a basketball player executing a perfect jump shot at a crucial junction within the maze. The maze's walls are adorned in lime greens and sky blues, with the basketball painted in a glowing sunny yellow, .png","A scene depicting a basketball player executing a perfect jump shot at a crucial junction within the maze. The maze's walls are adorned in lime greens and sky blues, with the basketball painted in a glowing sunny yellow,",basketball-posters,1979849,.png
"A scene depicting a basketball player executing a perfect jump shot at a crucial junction within the maze. The maze's walls are adorned in lime greens and sky blues, with the basketball painted in a glowing sunny yellow, capturing the critical momen1 .png","A scene depicting a basketball player executing a perfect jump shot at a crucial junction within the maze. The maze's walls are adorned in lime greens and sky blues, with the basketball painted in a glowing sunny yellow, capturing the critical momen1",basketball-posters,2369018,.png
"A scene depicting a basketball player executing a perfect jump shot at a crucial junction within the maze. The maze's walls are adorned in lime greens and sky blues, with the basketball painted in a glowing sunny yellow, capturing the critical moment.png","A scene depicting a basketball player executing a perfect jump shot at a crucial junction within the maze. The maze's walls are adorned in lime greens and sky blues, with the basketball painted in a glowing sunny yellow, capturing the critical moment",basketball-posters,1966015,.png
"A scene depicting a basketball player executing a perfect jump shot at a crucial junction within the maze. The maze's walls are adorned in lime greens and sky blues, with the basketball painted in a glowing sunny yellow, capturing the critical moment2.png","A scene depicting a basketball player executing a perfect jump shot at a crucial junction within the maze. The maze's walls are adorned in lime greens and sky blues, with the basketball painted in a glowing sunny yellow, capturing the critical moment2",basketball-posters,2645600,.png
"A scene depicting a basketball player executing a perfect jump shot at a crucial junction within the maze. The maze's walls are adorned in lime greens and sky blues, with the basketball painted in a glowing sunny yellow, capturing the critical.png","A scene depicting a basketball player executing a perfect jump shot at a crucial junction within the maze. The maze's walls are adorned in lime greens and sky blues, with the basketball painted in a glowing sunny yellow, capturing the critical",basketball-posters,2364135,.png
"A scene depicting a basketball player executing a perfect jump shot at a crucial junction within the maze. The maze's walls are adorned in lime greens and sky blues, with the basketball painted in a glowing sunny yellow.png","A scene depicting a basketball player executing a perfect jump shot at a crucial junction within the maze. The maze's walls are adorned in lime greens and sky blues, with the basketball painted in a glowing sunny yellow",basketball-posters,2285957,.png
"A scene depicting a player executing a perfect jump shot at a crucial junction within the maze. The maze's walls are adorned in lime greens and sky blues, with the basketball painted in a glowing sunny yellow, capturing the critical moment of action.png","A scene depicting a player executing a perfect jump shot at a crucial junction within the maze. The maze's walls are adorned in lime greens and sky blues, with the basketball painted in a glowing sunny yellow, capturing the critical moment of action",basketball-posters,2142038,.png
"A scene depicting a player executing a perfect jump shot at a crucial junction within the maze. The maze's walls are adorned in lime greens and sky blues, with the basketball painted in a glowing sunny yellow, capturing the critical moment of action32.png","A scene depicting a player executing a perfect jump shot at a crucial junction within the maze. The maze's walls are adorned in lime greens and sky blues, with the basketball painted in a glowing sunny yellow, capturing the critical moment of action32",basketball-posters,1966295,.png
"A scene where a basketball player's jump shot is mirrored in water on the maze floor, creating a dual image of perfect symmetry. .png","A scene where a basketball player's jump shot is mirrored in water on the maze floor, creating a dual image of perfect symmetry.",basketball-posters,2057388,.png
"A scene where a basketball player's jump shot is mirrored in water on the maze floor, creating a dual image of perfect symmetry. The maze walls are bright with lime greens and sky blue.png","A scene where a basketball player's jump shot is mirrored in water on the maze floor, creating a dual image of perfect symmetry. The maze walls are bright with lime greens and sky blue",basketball-posters,1991992,.png
"A scene where a basketball player's jump shot is mirrored in water on the maze floor, creating a dual image of perfect symmetry. The maze walls are bright with lime greens and sky blues, and the sunny yell.png","A scene where a basketball player's jump shot is mirrored in water on the maze floor, creating a dual image of perfect symmetry. The maze walls are bright with lime greens and sky blues, and the sunny yell",basketball-posters,2093662,.png
"A scene where a basketball player's jump shot is mirrored in water on the maze floor, creating a dual image of perfect symmetry. The maze walls are bright with lime greens and sky blues, and the sunny yellow basketball is duplicated .png","A scene where a basketball player's jump shot is mirrored in water on the maze floor, creating a dual image of perfect symmetry. The maze walls are bright with lime greens and sky blues, and the sunny yellow basketball is duplicated",basketball-posters,2067569,.png
"A scene where a basketball player's jump shot is mirrored in water on the maze floor, creating a dual image of perfect symmetry.png","A scene where a basketball player's jump shot is mirrored in water on the maze floor, creating a dual image of perfect symmetry",basketball-posters,2215804,.png
"A sequence depicting a perfect pass through a narrow alley of the maze. The basketball, glowing in sunny yellow, flies between basketball players dressed in lime greens and sky blues, highlighting teamwork and precision amidst the colorful chaos o.png","A sequence depicting a perfect pass through a narrow alley of the maze. The basketball, glowing in sunny yellow, flies between basketball players dressed in lime greens and sky blues, highlighting teamwork and precision amidst the colorful chaos o",basketball-posters,2055064,.png
"A sequence depicting a perfect pass through a narrow alley of the maze. The basketball, glowing in sunny yellow, flies between basketball players dressed in lime greens and sky blues, highlighting teamwork and precision amidst the colorful chaos.png","A sequence depicting a perfect pass through a narrow alley of the maze. The basketball, glowing in sunny yellow, flies between basketball players dressed in lime greens and sky blues, highlighting teamwork and precision amidst the colorful chaos",basketball-posters,1913283,.png
"A sequence depicting a perfect pass through a narrow alley of the maze. The basketball, glowing in sunny yellow, flies between players dressed in lime greens and sky blues, highlighting teamwork and precision amidst the colorful chaos of the maze .png","A sequence depicting a perfect pass through a narrow alley of the maze. The basketball, glowing in sunny yellow, flies between players dressed in lime greens and sky blues, highlighting teamwork and precision amidst the colorful chaos of the maze",basketball-posters,2165192,.png
"A sleek, minimalist depiction of a basketball hoop against a California sunset. The scene uses warm golden yellows and deep blues to highlight the hoop and court. The clean lines and glowing ambiance evoke a serene, sunlit afternoon, with a retrotouch.png","A sleek, minimalist depiction of a basketball hoop against a California sunset. The scene uses warm golden yellows and deep blues to highlight the hoop and court. The clean lines and glowing ambiance evoke a serene, sunlit afternoon, with a retrotouch",basketball-posters,1368346,.png
"A sleek, minimalist depiction of a classic basketball hoop standing tall against a California sunset. The sun sets in the background, casting warm, golden hues over the hoop. The scene emphasizes the beauty of outdoor basketball courts.png","A sleek, minimalist depiction of a classic basketball hoop standing tall against a California sunset. The sun sets in the background, casting warm, golden hues over the hoop. The scene emphasizes the beauty of outdoor basketball courts",basketball-posters,1248285,.png
"A star basketball player navigates a fan-favorite section of the maze, where the walls are decorated with posters and graffiti celebrating his achievements, in bright, engaging colors.png","A star basketball player navigates a fan-favorite section of the maze, where the walls are decorated with posters and graffiti celebrating his achievements, in bright, engaging colors",basketball-posters,1932381,.png
"A star basketball player navigates a fan-favorite section of the maze, where the walls are decorated with posters and graffiti celebrating his achievements, in bright.png","A star basketball player navigates a fan-favorite section of the maze, where the walls are decorated with posters and graffiti celebrating his achievements, in bright",basketball-posters,2242694,.png
"A stoic basketball player guards a mystical hoop located at a strategic bend in the maze, with walls of sky blue and ground of lime green, symbolizing defense and vigilance in the basketball .png","A stoic basketball player guards a mystical hoop located at a strategic bend in the maze, with walls of sky blue and ground of lime green, symbolizing defense and vigilance in the basketball",basketball-posters,2378435,.png
"A stoic basketball player guards a mystical hoop located at a strategic bend in the maze, with walls of sky blue and ground of lime green, symbolizing defense and vigilance in the basketball game .png","A stoic basketball player guards a mystical hoop located at a strategic bend in the maze, with walls of sky blue and ground of lime green, symbolizing defense and vigilance in the basketball game",basketball-posters,2423961,.png
"A stoic basketball player guards a mystical hoop located at a strategic bend in the maze, with walls of sky blue and ground of lime green, symbolizing defense and vigilance in the basketball game.png","A stoic basketball player guards a mystical hoop located at a strategic bend in the maze, with walls of sky blue and ground of lime green, symbolizing defense and vigilance in the basketball game",basketball-posters,2010582,.png
"A stoic basketball player guards a mystical hoop located at a strategic bend in the maze, with walls of sky blue and ground of lime green, symbolizing defense and vigilance in the basketball game2.png","A stoic basketball player guards a mystical hoop located at a strategic bend in the maze, with walls of sky blue and ground of lime green, symbolizing defense and vigilance in the basketball game2",basketball-posters,9592905,.png
"A triumphant scene of a basketball team celebrating a victory, using bright, cheerful colors. Lime greens, sunny yellows, and sky blues highlight the team’s joyful poses and the celebratory details like confetti and banners..png","A triumphant scene of a basketball team celebrating a victory, using bright, cheerful colors. Lime greens, sunny yellows, and sky blues highlight the team’s joyful poses and the celebratory details like confetti and banners.",basketball-posters,2471414,.png
"A triumphant scene of basketball players celebrating with a trophy, rendered in a bright, cheerful color palette. The artwork features lime greens, sunny yellows, and sky blues, with players in dynamic, joyful poses. .png","A triumphant scene of basketball players celebrating with a trophy, rendered in a bright, cheerful color palette. The artwork features lime greens, sunny yellows, and sky blues, with players in dynamic, joyful poses.",basketball-posters,2311774,.png
"A triumphant scene with a team celebrating a trophy in front of the LA skyline. The colors are rich and celebratory--gold for the trophy, deep blues and purples for the cityscape. The artwork captures a festive mood with a slightly dramatic.png","A triumphant scene with a team celebrating a trophy in front of the LA skyline. The colors are rich and celebratory--gold for the trophy, deep blues and purples for the cityscape. The artwork captures a festive mood with a slightly dramatic",basketball-posters,1631183,.png
A unique blend of basketball and California’s natural beauty. A player is seen shooting hoops with a stunning mountain or desert landscape in the background. The scene combines the thrill of basketball with the serene beauty of California’s.png,A unique blend of basketball and California’s natural beauty. A player is seen shooting hoops with a stunning mountain or desert landscape in the background. The scene combines the thrill of basketball with the serene beauty of California’s,basketball-posters,2097809,.png
"A vibrant depiction of basketball players enjoying themselves off the court, with a bright, cheerful color palette. The scene includes lime greens, sunny yellows, and sky blues, showing players engaging in activities like hanging out.png","A vibrant depiction of basketball players enjoying themselves off the court, with a bright, cheerful color palette. The scene includes lime greens, sunny yellows, and sky blues, showing players engaging in activities like hanging out",basketball-posters,2016820,.png
"A vibrant piece featuring street art inspired by basketball, with graffiti-style images of players and hoops on walls. The artwork integrates urban Californian culture with dynamic basketball imagery, creating a visually striking and energetic design.png","A vibrant piece featuring street art inspired by basketball, with graffiti-style images of players and hoops on walls. The artwork integrates urban Californian culture with dynamic basketball imagery, creating a visually striking and energetic design",basketball-posters,2532675,.png
"A vibrant piece featuring street art inspired by basketball, with graffiti-style images of players and hoops on walls. The artwork integrates urban Californian culture with dynamic basketball imagery, creating a visually striking and energetic desin2.png","A vibrant piece featuring street art inspired by basketball, with graffiti-style images of players and hoops on walls. The artwork integrates urban Californian culture with dynamic basketball imagery, creating a visually striking and energetic desin2",basketball-posters,2722779,.png
"A vibrant scene capturing the excitement of game day, using bright, cheerful colors. Lime greens, sunny yellows, and sky blues highlight the players warming up, fans cheering, and the festive atmosphere. T.png","A vibrant scene capturing the excitement of game day, using bright, cheerful colors. Lime greens, sunny yellows, and sky blues highlight the players warming up, fans cheering, and the festive atmosphere. T",basketball-posters,1877746,.png
"A vibrant scene of a basketball navigating through a colorful maze, with bright, cheerful colors--lime greens, sunny yellows, and sky blues highlighting the intricate design of the maze and the basketball’s dynamic path. .png","A vibrant scene of a basketball navigating through a colorful maze, with bright, cheerful colors--lime greens, sunny yellows, and sky blues highlighting the intricate design of the maze and the basketball’s dynamic path.",basketball-posters,2327852,.png
"A vibrant scene of a basketball navigating through a colorful maze, with bright, cheerful colors. Lime greens, sunny yellows, and sky blues emphasize the maze’s intricate design and the basketball’s path. The background features playful pattern.png","A vibrant scene of a basketball navigating through a colorful maze, with bright, cheerful colors. Lime greens, sunny yellows, and sky blues emphasize the maze’s intricate design and the basketball’s path. The background features playful pattern",basketball-posters,2009764,.png
"A vibrant scene of a basketball team huddling together, rendered in bright, cheerful colors. Lime greens, sunny yellows, and sky blues capture the team’s unity and energy, with a dynamic court backdrop and playful details.png","A vibrant scene of a basketball team huddling together, rendered in bright, cheerful colors. Lime greens, sunny yellows, and sky blues capture the team’s unity and energy, with a dynamic court backdrop and playful details",basketball-posters,2073355,.png
"An abstract basketball court blended with cosmic elements--planets, stars, and galaxies intertwine with the court lines, rendered in deep blues, purples, and neon highlights, creating an ethereal, otherworldly atmosphere.png","An abstract basketball court blended with cosmic elements--planets, stars, and galaxies intertwine with the court lines, rendered in deep blues, purples, and neon highlights, creating an ethereal, otherworldly atmosphere",basketball-posters,1943250,.png
"An animated street basketball game in a Californian neighborhood. Players of various ages and backgrounds are intensely engaged in the game, with graffiti art and palm trees surrounding the outdoor court..png","An animated street basketball game in a Californian neighborhood. Players of various ages and backgrounds are intensely engaged in the game, with graffiti art and palm trees surrounding the outdoor court.",basketball-posters,1910610,.png
"An enchanting scene of a nighttime basketball game under a starlit sky in California. The court is lit by soft, ambient lights, with stars and a crescent moon visible above. The scene is both magical and peaceful, emphasizing the joy of playing.png","An enchanting scene of a nighttime basketball game under a starlit sky in California. The court is lit by soft, ambient lights, with stars and a crescent moon visible above. The scene is both magical and peaceful, emphasizing the joy of playing",basketball-posters,2021165,.png
"An energetic, almost chaotic scene of hundreds of basketballs flying towards multiple nets within the maze. The balls are rendered in sunny yellows and oranges, creating a striking contrast against the abundance and the exhilarating rush of succes.png","An energetic, almost chaotic scene of hundreds of basketballs flying towards multiple nets within the maze. The balls are rendered in sunny yellows and oranges, creating a striking contrast against the abundance and the exhilarating rush of succes",basketball-posters,2328547,.png
"An energetic, almost chaotic scene of hundreds of basketballs flying towards multiple nets within the maze. The balls are rendered in sunny yellows and oranges, creating a striking contrast against the sky blues and lime greens of the maze. .png","An energetic, almost chaotic scene of hundreds of basketballs flying towards multiple nets within the maze. The balls are rendered in sunny yellows and oranges, creating a striking contrast against the sky blues and lime greens of the maze.",basketball-posters,2173175,.png
"An energetic, almost chaotic scene of hundreds of basketballs flying towards multiple nets within the maze. The balls are rendered in sunny yellows and oranges, creating a striking contrast against the sky blues and lime greens of the maze.png","An energetic, almost chaotic scene of hundreds of basketballs flying towards multiple nets within the maze. The balls are rendered in sunny yellows and oranges, creating a striking contrast against the sky blues and lime greens of the maze",basketball-posters,1890882,.png
"An imaginative basketball scene where a player performs a jump shot upside down, defying gravity. The maze around him swirls in sky blues and lime greens, with the basketball glowing in sunny yellow, creating a surreal, dreamlike atmosphere.png","An imaginative basketball scene where a player performs a jump shot upside down, defying gravity. The maze around him swirls in sky blues and lime greens, with the basketball glowing in sunny yellow, creating a surreal, dreamlike atmosphere",basketball-posters,2285624,.png
"An innovative basketball scene where the maze appears inverted, with the player executing a jump shot from what seems like the ceiling. .png","An innovative basketball scene where the maze appears inverted, with the player executing a jump shot from what seems like the ceiling.",basketball-posters,1847353,.png
"An innovative basketball scene where the maze appears inverted, with the player executing a jump shot from what seems like the ceiling. The maze walls, painted in lime greens and sky blues, and the glowing yellow basketball add a visually arresting.png","An innovative basketball scene where the maze appears inverted, with the player executing a jump shot from what seems like the ceiling. The maze walls, painted in lime greens and sky blues, and the glowing yellow basketball add a visually arresting",basketball-posters,2091318,.png
"An innovative basketball scene where the maze appears inverted, with the player executing a jump shot from what seems like the ceiling. The maze walls, painted in lime greens and sky blues, and the glowing yellow basketball add a visually.png","An innovative basketball scene where the maze appears inverted, with the player executing a jump shot from what seems like the ceiling. The maze walls, painted in lime greens and sky blues, and the glowing yellow basketball add a visually",basketball-posters,1880768,.png
"An overhead view of a basketball court, illustrated with a bright, cheerful color palette. Lime greens, sunny yellows, and sky blues dominate the scene, highlighting the court's lines, markings, and hoop from above..png","An overhead view of a basketball court, illustrated with a bright, cheerful color palette. Lime greens, sunny yellows, and sky blues dominate the scene, highlighting the court's lines, markings, and hoop from above.",basketball-posters,2270274,.png
"An overhead view of a basketball court, illustrated with a bright, cheerful color palette. Lime greens, sunny yellows, and sky blues dominate the scene, highlighting the court’s lines, markings, and hoop from above. .png","An overhead view of a basketball court, illustrated with a bright, cheerful color palette. Lime greens, sunny yellows, and sky blues dominate the scene, highlighting the court’s lines, markings, and hoop from above.",basketball-posters,2492524,.png
"An overhead view of a basketball court, illustrated with a bright, cheerful color palette. Lime greens, sunny yellows, and sky blues dominate the scene, highlighting the court’s lines, markings, and hoop from above..png","An overhead view of a basketball court, illustrated with a bright, cheerful color palette. Lime greens, sunny yellows, and sky blues dominate the scene, highlighting the court’s lines, markings, and hoop from above.",basketball-posters,2370863,.png
"Basketballs rain down upon the maze, each aimed at a hoop, in a grand, celebratory fashion. This visual feast of sunny yellows and oranges against a backdrop of lime greens and sky blues captures the climactic moment of victory, where abundance a.png","Basketballs rain down upon the maze, each aimed at a hoop, in a grand, celebratory fashion. This visual feast of sunny yellows and oranges against a backdrop of lime greens and sky blues captures the climactic moment of victory, where abundance a",basketball-posters,2018453,.png
"Capture a basketball player in the midst of a sky-high jump shot, where it appears they are leaping over the maze itself. The vibrant maze walls of lime greens and sky blues contrast sharply against the player's silhouette.png","Capture a basketball player in the midst of a sky-high jump shot, where it appears they are leaping over the maze itself. The vibrant maze walls of lime greens and sky blues contrast sharply against the player's silhouette",basketball-posters,1971861,.png
"Capture basketball players engaging in pre-game rituals at the entrance of the maze, with each ritual illustrated in bright colors and symbolic, engaging visuals.png","Capture basketball players engaging in pre-game rituals at the entrance of the maze, with each ritual illustrated in bright colors and symbolic, engaging visuals",basketball-posters,2327392,.png
"Capture basketball players engaging in pre-game rituals at the entrance of the maze, with each ritual illustrated in bright colors and symbolic, engaging visuals.png1.png","Capture basketball players engaging in pre-game rituals at the entrance of the maze, with each ritual illustrated in bright colors and symbolic, engaging visuals.png1",basketball-posters,2001718,.png
"Capture the essence of dribbling through a complex maze, with a basketball artfully dodging obstacles. Bright, cheerful colors like lime greens, sunny yellows, and sky blues highlight the ball's swift movements and the maze's challenging paths.png","Capture the essence of dribbling through a complex maze, with a basketball artfully dodging obstacles. Bright, cheerful colors like lime greens, sunny yellows, and sky blues highlight the ball's swift movements and the maze's challenging paths",basketball-posters,2316894,.png
"Depict a basketball player making a significant comeback, moving through a challenging section of the maze with renewed energy and focus, surrounded by cheering spectral fans in sunny yellows and sky blues .png","Depict a basketball player making a significant comeback, moving through a challenging section of the maze with renewed energy and focus, surrounded by cheering spectral fans in sunny yellows and sky blues",basketball-posters,2064961,.png
"Depict a section of the maze lined with cheering basketball fans in a kaleidoscope of team colors, creating a vibrant and lively atmosphere that fuels the basketball players' spirits as they navigate the path.png","Depict a section of the maze lined with cheering basketball fans in a kaleidoscope of team colors, creating a vibrant and lively atmosphere that fuels the basketball players' spirits as they navigate the path",basketball-posters,2486413,.png
"Historic basketball plays are reenacted at key points in the maze, with players dressed in retro gear against a backdrop of historic color schemes, blending nostalgia with the modern aesthetic of the collection.png","Historic basketball plays are reenacted at key points in the maze, with players dressed in retro gear against a backdrop of historic color schemes, blending nostalgia with the modern aesthetic of the collection",basketball-posters,2561525,.png
"Historic basketball plays are reenacted at key points in the maze, with players dressed in retro gear against a backdrop of historic color schemes, blending nostalgia with the modern aesthetic of the collection1.png","Historic basketball plays are reenacted at key points in the maze, with players dressed in retro gear against a backdrop of historic color schemes, blending nostalgia with the modern aesthetic of the collection1",basketball-posters,1721798,.png
"Illustrate a rigorous training session within the maze, with basketball players running drills and coaches giving instructions, all set against a backdrop of motivational banners in bright colors .png","Illustrate a rigorous training session within the maze, with basketball players running drills and coaches giving instructions, all set against a backdrop of motivational banners in bright colors",basketball-posters,1899854,.png
"Illustrate a rigorous training session within the maze, with basketball players running drills and coaches giving instructions, all set against a backdrop of motivational banners in bright colors .png1.png","Illustrate a rigorous training session within the maze, with basketball players running drills and coaches giving instructions, all set against a backdrop of motivational banners in bright colors .png1",basketball-posters,1879871,.png
"Illustrate a rigorous training session within the maze, with basketball players running drills and coaches giving instructions, all set against a backdrop of motivational banners in bright colors.png","Illustrate a rigorous training session within the maze, with basketball players running drills and coaches giving instructions, all set against a backdrop of motivational banners in bright colors",basketball-posters,1953971,.png
"Incorporate elements of basketball lore and legend, with mystical symbols and icons along the walls of the maze, telling stories in vivid, engaging hues .png","Incorporate elements of basketball lore and legend, with mystical symbols and icons along the walls of the maze, telling stories in vivid, engaging hues",basketball-posters,2156125,.png
"Media and press cover a high-profile basketball game within the maze, with cameras and microphones depicted in bright, flashy colors, adding a layer of realism and excitement .png","Media and press cover a high-profile basketball game within the maze, with cameras and microphones depicted in bright, flashy colors, adding a layer of realism and excitement",basketball-posters,2026822,.png
"Media and press cover a high-profile basketball game within the maze, with cameras and microphones depicted in bright, flashy colors, adding a layer of realism and excitement 1.png","Media and press cover a high-profile basketball game within the maze, with cameras and microphones depicted in bright, flashy colors, adding a layer of realism and excitement 1",basketball-posters,2473168,.png
"Media and press cover a high-profile basketball game within the maze, with cameras and microphones depicted in bright, flashy colors, adding a layer of realism and excitement 12.png","Media and press cover a high-profile basketball game within the maze, with cameras and microphones depicted in bright, flashy colors, adding a layer of realism and excitement 12",basketball-posters,2351695,.png
"Media and press cover a high-profile basketball game within the maze, with cameras and microphones depicted in bright, flashy colors, adding a layer of realism and excitement.png","Media and press cover a high-profile basketball game within the maze, with cameras and microphones depicted in bright, flashy colors, adding a layer of realism and excitement",basketball-posters,2143149,.png
"Media and press cover a high-profile basketball game within the maze, with cameras and microphones depicted in bright, flashy colors, adding a layer of realism and excitement32.png","Media and press cover a high-profile basketball game within the maze, with cameras and microphones depicted in bright, flashy colors, adding a layer of realism and excitement32",basketball-posters,2033803,.png
"Multiple basketballs mimic each other’s paths in echo-like patterns, creating layers of movement within the maze. This complex choreography, depicted in sunny yellows and oranges, forms a striking contrast against.png","Multiple basketballs mimic each other’s paths in echo-like patterns, creating layers of movement within the maze. This complex choreography, depicted in sunny yellows and oranges, forms a striking contrast against",basketball-posters,1706032,.png
"Show basketball players performing their signature moves at strategic points in the maze, with bright action lines and dynamic shapes highlighting the special moves .png","Show basketball players performing their signature moves at strategic points in the maze, with bright action lines and dynamic shapes highlighting the special moves",basketball-posters,2159497,.png
"Showcase a series of basketballs in mid-air, creating an arc over the maze walls. Each ball represents a stage of flight, painted in vibrant yellows and blues, against a backdrop of dynamic shapes and patterns, symbolizing high aspirations.png","Showcase a series of basketballs in mid-air, creating an arc over the maze walls. Each ball represents a stage of flight, painted in vibrant yellows and blues, against a backdrop of dynamic shapes and patterns, symbolizing high aspirations",basketball-posters,2333533,.png
"basketball player performing a slam dunk at the center of the maze, with walls adorned in bright, cheerful patterns. The explosive movement and the vibrant clash of colors emphasize the spectacle and the peak moment of basketball action .png","Basketball player performing a slam dunk at the center of the maze, with walls adorned in bright, cheerful patterns. The explosive movement and the vibrant clash of colors emphasize the spectacle and the peak moment of basketball action",basketball-posters,2083826,.png
"basketball player performing a slam dunk at the center of the maze, with walls adorned in bright, cheerful patterns. The explosive movement and the vibrant clash of colors emphasize the spectacle and the peak moment of basketball action within the .png","Basketball player performing a slam dunk at the center of the maze, with walls adorned in bright, cheerful patterns. The explosive movement and the vibrant clash of colors emphasize the spectacle and the peak moment of basketball action within the",basketball-posters,2511342,.png
"ches giving instructions, all set against a backdrop of motivational banners in bright colors.png","Ches giving instructions, all set against a backdrop of motivational banners in bright colors",basketball-posters,2152619,.png
"dynamic basketball poster showing the arc of a basketball as it flies toward the hoop, with the player leaping along its path. The maze’s walls are a lively canvas of lime greens and sky blues, with the sunny yellow ball tracing .png","Dynamic basketball poster showing the arc of a basketball as it flies toward the hoop, with the player leaping along its path. The maze’s walls are a lively canvas of lime greens and sky blues, with the sunny yellow ball tracing",basketball-posters,2186637,.png
"dynamic basketball poster showing the arc of a basketball as it flies toward the hoop, with the player leaping along its path. The maze’s walls are a lively canvas of lime greens and sky blues, with the sunny yellow ball tracing a victorious pa.png","Dynamic basketball poster showing the arc of a basketball as it flies toward the hoop, with the player leaping along its path. The maze’s walls are a lively canvas of lime greens and sky blues, with the sunny yellow ball tracing a victorious pa",basketball-posters,2190425,.png
"dynamic basketball poster showing the arc of a basketball as it flies toward the hoop, with the player leaping along its path. The maze’s walls are a lively canvas of lime greens and sky blues, with the sunny yellow ball tracing a victorious path .png","Dynamic basketball poster showing the arc of a basketball as it flies toward the hoop, with the player leaping along its path. The maze’s walls are a lively canvas of lime greens and sky blues, with the sunny yellow ball tracing a victorious path",basketball-posters,2300970,.png
"dynamic basketball poster showing the arc of a basketball as it flies toward the hoop, with the player leaping along its path. The maze’s walls are a lively canvas of lime greens and sky blues, with the sunny yellow ball tracing a victorious path.png","Dynamic basketball poster showing the arc of a basketball as it flies toward the hoop, with the player leaping along its path. The maze’s walls are a lively canvas of lime greens and sky blues, with the sunny yellow ball tracing a victorious path",basketball-posters,1807894,.png
"dynamic basketball poster showing the arc of a basketball as it flies toward the hoop, with the player leaping along its path. The maze’s walls are a lively canvas of lime greens and sky blues, with the sunny yellow ball tracing a victorious.png","Dynamic basketball poster showing the arc of a basketball as it flies toward the hoop, with the player leaping along its path. The maze’s walls are a lively canvas of lime greens and sky blues, with the sunny yellow ball tracing a victorious",basketball-posters,2223689,.png
"dynamic basketball poster showing the arc of a basketball as it flies toward the hoop, with the player leaping along its path..png","Dynamic basketball poster showing the arc of a basketball as it flies toward the hoop, with the player leaping along its path.",basketball-posters,1744663,.png
"inspiring scene showing a glittering basktball championship trophy at the center of the maze. The trophy is bathed in bright sunlight, rendered in vivid yellows and golds, with surrounding hues of lime greens and sky blues. 42.png","Inspiring scene showing a glittering basktball championship trophy at the center of the maze. The trophy is bathed in bright sunlight, rendered in vivid yellows and golds, with surrounding hues of lime greens and sky blues. 42",basketball-posters,2212647,.png
"lively depiction of a basketball ball navigating through a colorful maze, rendered in bright, cheerful colors. Lime greens, sunny yellows, and sky blues emphasize the maze’s intricate paths and the ball’s movement. .png","Lively depiction of a basketball ball navigating through a colorful maze, rendered in bright, cheerful colors. Lime greens, sunny yellows, and sky blues emphasize the maze’s intricate paths and the ball’s movement.",basketball-posters,2092624,.png
"lively depiction of a basketball ball navigating through a colorful maze, rendered in bright, cheerful colors. Lime greens, sunny yellows, and sky blues emphasize the maze’s intricate paths and the ball’s movement. The background includes play322.png","Lively depiction of a basketball ball navigating through a colorful maze, rendered in bright, cheerful colors. Lime greens, sunny yellows, and sky blues emphasize the maze’s intricate paths and the ball’s movement. The background includes play322",basketball-posters,1996306,.png
"llustrate a rigorous training session within the maze, with basketball players running drills and coaches giving instructions, all set against a backdrop of motivational banners in bright colors .png","Llustrate a rigorous training session within the maze, with basketball players running drills and coaches giving instructions, all set against a backdrop of motivational banners in bright colors",basketball-posters,1906978,.png
"llustrate defensive maneuvers within the maze, with players in various defensive stances blocking paths. The background of sunny yellows and lime greens highlights their dynamic poses and the strategic aspect of basketball defense .png","Llustrate defensive maneuvers within the maze, with players in various defensive stances blocking paths. The background of sunny yellows and lime greens highlights their dynamic poses and the strategic aspect of basketball defense",basketball-posters,2323837,.png
"llustrate defensive maneuvers within the maze, with players in various defensive stances blocking paths. The background of sunny yellows and lime greens highlights their dynamic poses and the strategic aspect of basketball defense.png","Llustrate defensive maneuvers within the maze, with players in various defensive stances blocking paths. The background of sunny yellows and lime greens highlights their dynamic poses and the strategic aspect of basketball defense",basketball-posters,2376137,.png
"llustrate defensive maneuvers within the maze, with players in various defensive stances blocking paths. The background of sunny yellows and lime greens highlights their dynamic poses and the strategic aspect of basketball defense.png2.png","Llustrate defensive maneuvers within the maze, with players in various defensive stances blocking paths. The background of sunny yellows and lime greens highlights their dynamic poses and the strategic aspect of basketball defense.png2",basketball-posters,2311145,.png
"llustrate defensive maneuvers within the maze, with players in various defensive stances blocking paths. The background of sunny yellows and lime greens highlights their dynamic poses and the strategic aspect of basketball defense1.png","Llustrate defensive maneuvers within the maze, with players in various defensive stances blocking paths. The background of sunny yellows and lime greens highlights their dynamic poses and the strategic aspect of basketball defense1",basketball-posters,2042282,.png
"n imaginative basketball scene where a player performs a jump shot upside down, defying gravity. The maze around him swirls in sky blues and lime greens, with the basketball glowing in sunny yellow, creating a surreal, dreamlike atmosphere.png","N imaginative basketball scene where a player performs a jump shot upside down, defying gravity. The maze around him swirls in sky blues and lime greens, with the basketball glowing in sunny yellow, creating a surreal, dreamlike atmosphere",basketball-posters,2317731,.png
"nd coaches giving instructions, all set against a backdrop of motivational banners in bright colo.png","Nd coaches giving instructions, all set against a backdrop of motivational banners in bright colo",basketball-posters,2340444,.png
tatianathevisionary_A_minimalist_basketball_hoop_and_backboard__3925371d-7cda-4fe9-9c2c-f6295d2283cd.png,A minimalist basketball hoop and backboard,basketball-posters,1619275,.png
"ynamic basketball poster showing the arc of a basketball as it flies toward the hoop, with the player leaping along its path. The maze’s walls are a lively canvas of lime greens and sky blues, with the sunny yellow ball tracing a victorious path.png","Ynamic basketball poster showing the arc of a basketball as it flies toward the hoop, with the player leaping along its path. The maze’s walls are a lively canvas of lime greens and sky blues, with the sunny yellow ball tracing a victorious path",basketball-posters,2133797,.png
